id,obra,jurisdiccion,entidad,categoria,monto_millones_2027,partidos,referencia_geografica,precision_geo,lat,lon,tramo_lat_a,tramo_lon_a,tramo_lat_b,tramo_lon_b,financiamiento,tesoro,propios,afectados,transf_internas,credito_interno,transf_externas,credito_externo,codigo_proyecto,costo_total_millones,monto_2028,monto_2029,monto_resto,pct_costo_total_en_2027
PBA-01,"Remodelación y ampliación del edificio, Juzgado Federal de Junín Cabrera 222, Junín, BS.AS.",Poder Judicial de la Nación,Poder Judicial de la Nación,Justicia federal,140,Junín,Junín (localidad),localidad,-34.59394,-60.94643,,,,,Recursos afectados 100%,0,0,140,0,0,0,0,68989,2806,2666,0,0,5.0
PBA-02,"Refacción de inmueble para sede de la Defensoría de Bahía Blanca, PBA",Ministerio Público,Ministerio Público,Justicia federal,237,Bahía Blanca,Bahía Blanca (localidad),localidad,-38.72277,-62.27274,,,,,Recursos afectados 100%,0,0,237,0,0,0,0,,,,,,
PBA-03,"Refacción de inmueble para sede de la Defensoría de Dolores, PBA",Ministerio Público,Ministerio Público,Justicia federal,67,Dolores,Dolores (localidad),localidad,-36.31539,-57.67546,,,,,Tesoro nacional 100%,67,0,0,0,0,0,0,,,,,,
PBA-04,"Ampliación de inmueble para sede de la Defensoría de Mar del Plata, PBA",Ministerio Público,Ministerio Público,Justicia federal,278,General Pueyrredón,Mar del Plata (localidad),localidad,-38.00645,-57.54384,,,,,Tesoro nacional 100%,278,0,0,0,0,0,0,,,,,,
PBA-05,"Impermeabilización de inmueble en la ciudad de San Martín, Provincia de Buenos Aires",Ministerio Público,Ministerio Público,Justicia federal,11,General San Martín,San Martín (localidad),localidad,-34.57791,-58.53866,,,,,Tesoro nacional 100%,11,0,0,0,0,0,0,,,,,,
PBA-06,"Reacondicionamiento del edificio en Garibaldi 208, San Nicolás de los Arroyos, Buenos Aires",Ministerio Público,Ministerio Público,Justicia federal,7,San Nicolás,San Nicolás de los Arroyos (localidad),localidad,-33.33840,-60.22150,,,,,Tesoro nacional 100%,7,0,0,0,0,0,0,,,,,,
PBA-07,"Reemplazo de tejas para inmueble de la ciudad de San Isidro, Provincia de Buenos Aires",Ministerio Público,Ministerio Público,Justicia federal,6,San Isidro,San Isidro (localidad),localidad,-34.46988,-58.51129,,,,,Tesoro nacional 100%,6,0,0,0,0,0,0,,,,,,
PBA-08,"Incorporación de Cuatro Helicópteros Navales Livianos, Base Naval Puerto Belgrano, Provincia de Buenos Aires (CACIB - S/N)",Ministerio de Defensa,Estado Mayor General de la Armada Argentina,Defensa,37616,Coronel Rosales,Punta Alta (localidad) — Base Naval Puerto Belgrano,localidad,-38.87817,-62.07948,,,,,Crédito externo 100%,0,0,0,0,0,0,37616,,,,,,
PBA-09,Modernización y Actualización Tecnológica de la Infraestructura para la Incorporación de una Aeronave de caza multirol en la VI Brigada Aérea - Tandil - Provincia de Buenos Aires y en el Área Material Río Cuarto - Las Higueras - Provincia de Córdoba.,Ministerio de Defensa,Estado Mayor General de la Fuerza Aérea Argentina,Defensa,10090,Tandil,Tandil (localidad) — VI Brigada Aérea,localidad,-37.32870,-59.13690,,,,,Tesoro nacional 100%,10090,0,0,0,0,0,0,,,,,,
PBA-10,Construcción de viviendas sustentables en zona bioclimática Templado Cálido – Zona IIIa – Marcos Paz – Buenos Aires (GEF 4861),Ministerio de Economía,Infraestructura,Vivienda,2713,Marcos Paz,Marcos Paz (localidad),localidad,-34.78432,-58.83534,,,,,Transferencias externas 100%,0,0,0,0,0,2713,0,153555,2981,268,0,0,91.0
PBA-11,Construcción Planta de Tratamiento Efluentes Líquidos Industriales PIC Lanús (BIRF N°7706-AC),Ministerio de Economía,Infraestructura,Saneamiento,6899,Lanús,Lanús (localidad) — Parque Industrial,localidad,-34.70756,-58.39113,,,,,Tesoro nacional 100%,6899,0,0,0,0,0,0,,,,,,
PBA-12,Complejo Federal de Condenados de Agote,Ministerio de Economía,Infraestructura,Sistema penitenciario,39247,Mercedes,Mercedes (partido) — Complejo de Agote,municipio,-34.65073,-59.43139,,,,,Tesoro nacional 100%,39247,0,0,0,0,0,0,,,,,,
PBA-13,Construcción Unidad 36 Complejo Federal de Condenados Agote,Ministerio de Economía,Infraestructura,Sistema penitenciario,6136,Mercedes,Mercedes (partido) — Complejo de Agote,municipio,-34.65073,-59.43139,,,,,Tesoro nacional 100%,6136,0,0,0,0,0,0,148764,46136,30000,10000,0,13.3
PBA-14,Mejora Integral del Ferrocarril General Roca - Ramal Constitución - La Plata (BID N°2982/OC-AR - BID N°5320/OC-AR),Ministerio de Economía,Infraestructura,Ferrocarril,1500,La Plata,Ramal Constitución–La Plata (fila PBA),localidad,-34.91550,-57.94799,,,,,Tesoro nacional 100%,1500,0,0,0,0,0,0,,,,,,
PBA-15,"Programa MAS, AMBA - Etapa IV - Construcción y Rehabilitación de Corredores Urbanos en la Región Metropolitana de Buenos Aires",Ministerio de Economía,Infraestructura,Vialidad urbana metropolitana,8000,,Región Metropolitana de Buenos Aires — partidos no declarados,sin_declarar,,,,,,,Tesoro nacional 100%,8000,0,0,0,0,0,0,,,,,,
PBA-16,"Construcción y Rehabilitación de Corredores Urbanos en la Región Metropolitana de Buenos Aires (Programa MAS, Etapa III)",Ministerio de Economía,Infraestructura,Vialidad urbana metropolitana,24328,,Región Metropolitana de Buenos Aires — partidos no declarados,sin_declarar,,,,,,,Tesoro nacional 100%,24328,0,0,0,0,0,0,,,,,,
PBA-17,"Ampliación Edilicia y Actualización de Infraestructura y Equipamiento del Área de Gestión de Residuos Radiactivos y Fuentes - Ezeiza, Prov. Buenos Aires",Ministerio de Economía,Comisión Nacional de Energía Atómica (CNEA),Nuclear y ciencia,1048,Ezeiza,Ezeiza (localidad) — Centro Atómico Ezeiza,localidad,-34.85439,-58.52476,,,,,Tesoro nacional 100%,1048,0,0,0,0,0,0,,,,,,
PBA-18,Desarrollo y Fabricación de Instrumentos de Caracterización de Materiales Utilizando Haces de Neutrones del RA - 10,Ministerio de Economía,Comisión Nacional de Energía Atómica (CNEA),Nuclear y ciencia,9900,Ezeiza,Ezeiza (localidad) — Centro Atómico Ezeiza (RA-10),localidad,-34.85439,-58.52476,,,,,Tesoro nacional 100%,9900,0,0,0,0,0,0,,,,,,
PBA-19,"Construcción de Sede del Instituto Sabato en el Centro Atómico Constituyentes, Provincia de Buenos Aires",Ministerio de Economía,Comisión Nacional de Energía Atómica (CNEA),Nuclear y ciencia,1400,General San Martín,San Martín (localidad) — Centro Atómico Constituyentes,localidad,-34.57791,-58.53866,,,,,Tesoro nacional 100%,1400,0,0,0,0,0,0,,,,,,
PBA-20,"Desarrollo y Fabricación de Micro y Nano Dispositivos, Detectores y Sensores para uso en Aplicaciones Médicas, Energía y Memorias en el CAC, Prov. de Buenos Aires",Ministerio de Economía,Comisión Nacional de Energía Atómica (CNEA),Nuclear y ciencia,196,General San Martín,San Martín (localidad) — Centro Atómico Constituyentes,localidad,-34.57791,-58.53866,,,,,Tesoro nacional 100%,196,0,0,0,0,0,0,,,,,,
PBA-21,Equipamiento de Centro de Investigación y Desarrollo en el Centro Atómico Constituyentes,Ministerio de Economía,Comisión Nacional de Energía Atómica (CNEA),Nuclear y ciencia,1000,General San Martín,San Martín (localidad) — Centro Atómico Constituyentes,localidad,-34.57791,-58.53866,,,,,Tesoro nacional 100%,1000,0,0,0,0,0,0,,,,,,
PBA-22,"Diseño, Montaje e Implementación de 7 Instrumentos del Laboratorio Argentino de Haces de Neutrones - CAE - Ezeiza - Provincia de Buenos Aires",Ministerio de Economía,Comisión Nacional de Energía Atómica (CNEA),Nuclear y ciencia,10276,Ezeiza,Ezeiza (localidad) — Centro Atómico Ezeiza,localidad,-34.85439,-58.52476,,,,,Tesoro nacional 100%,10276,0,0,0,0,0,0,,,,,,
PBA-23,"Construcción de una Planta de Producción de Radioisótopos por Fisión en el Centro Atómico Ezeiza, Pcia. de Buenos Aires",Ministerio de Economía,Comisión Nacional de Energía Atómica (CNEA),Nuclear y ciencia,1500,Ezeiza,Ezeiza (localidad) — Centro Atómico Ezeiza,localidad,-34.85439,-58.52476,,,,,Tesoro nacional 100%,1500,0,0,0,0,0,0,,,,,,
PBA-24,"Instalación de un Sistema de Generación Eléctrica Distribuida de 700 kW mediante Energía Solar Fotovoltaica en el Centro Atómico Ezeiza, Ezeiza, Provincia de Buenos Aires",Ministerio de Economía,Comisión Nacional de Energía Atómica (CNEA),Nuclear y ciencia,250,Ezeiza,Ezeiza (localidad) — Centro Atómico Ezeiza,localidad,-34.85439,-58.52476,,,,,Tesoro nacional 100%,250,0,0,0,0,0,0,,,,,,
PBA-25,"Modernización y Equipamiento de Laboratorios en Materiales Avanzados, Recubiertos y Tribología",Ministerio de Economía,Comisión Nacional de Energía Atómica (CNEA),Nuclear y ciencia,178,,CNEA — sin localización declarada,sin_declarar,,,,,,,Tesoro nacional 100%,178,0,0,0,0,0,0,,,,,,
PBA-26,Reacondicionamiento y Actualización del Circuito Experimental de Baja Presión del Centro Atómico Constituyentes,Ministerio de Economía,Comisión Nacional de Energía Atómica (CNEA),Nuclear y ciencia,2527,General San Martín,San Martín (localidad) — Centro Atómico Constituyentes,localidad,-34.57791,-58.53866,,,,,Tesoro nacional 100%,2527,0,0,0,0,0,0,,,,,,
PBA-27,"Mantenimiento, Reparación y Adecuación de Instalaciones del Centro Atómico Ezeiza, Provincia de Buenos Aires",Ministerio de Economía,Comisión Nacional de Energía Atómica (CNEA),Nuclear y ciencia,725,Ezeiza,Ezeiza (localidad) — Centro Atómico Ezeiza,localidad,-34.85439,-58.52476,,,,,Tesoro nacional 100%,725,0,0,0,0,0,0,,,,,,
PBA-28,Extensión del Ciclo de Vida del Ciclotrón de Producción del Centro Atómico Ezeiza. Provincia de Buenos Aires,Ministerio de Economía,Comisión Nacional de Energía Atómica (CNEA),Nuclear y ciencia,349,Ezeiza,Ezeiza (localidad) — Centro Atómico Ezeiza,localidad,-34.85439,-58.52476,,,,,Tesoro nacional 100%,349,0,0,0,0,0,0,,,,,,
PBA-29,"Construcción Laboratorio para Estudio de Materiales Irradiados, asociado al reactor RA-10, ubicado en el Centro Atómico Ezeiza, Partido de Ezeiza, Provincia de Buenos Aires",Ministerio de Economía,Comisión Nacional de Energía Atómica (CNEA),Nuclear y ciencia,150,Ezeiza,Ezeiza (partido) — Centro Atómico Ezeiza,localidad,-34.85439,-58.52476,,,,,Tesoro nacional 100%,150,0,0,0,0,0,0,,,,,,
PBA-30,Construcción de Reactor RA-10,Ministerio de Economía,Comisión Nacional de Energía Atómica (CNEA),Nuclear y ciencia,39690,Ezeiza,Ezeiza (localidad) — Centro Atómico Ezeiza,localidad,-34.85439,-58.52476,,,,,Tesoro nacional 100%,39690,0,0,0,0,0,0,,,,,,
PBA-31,Desarrollo de Prototipos de Máquinas Centrífugas para Separación Isotópica de Uranio,Ministerio de Economía,Comisión Nacional de Energía Atómica (CNEA),Nuclear y ciencia,1446,,CNEA — sin localización declarada,sin_declarar,,,,,,,Tesoro nacional 100%,1446,0,0,0,0,0,0,,,,,,
PBA-32,"Readecuación y Mejora de los Edificios 5 y 13, Impermeabilización de Techos y Actualización de los Tableros Eléctricos del Centro Atómico Constituyentes - San Martín - Provincia de Buenos Aires",Ministerio de Economía,Comisión Nacional de Energía Atómica (CNEA),Nuclear y ciencia,935,General San Martín,San Martín (localidad) — Centro Atómico Constituyentes,localidad,-34.57791,-58.53866,,,,,Tesoro nacional 100%,935,0,0,0,0,0,0,155052,1981,1046,0,0,47.2
PBA-33,Mejoras y Ampliación de Instalaciones para el Desarrollo y la Producción de Elementos Combustibles,Ministerio de Economía,Comisión Nacional de Energía Atómica (CNEA),Nuclear y ciencia,433,,CNEA — sin localización declarada,sin_declarar,,,,,,,Tesoro nacional 100%,433,0,0,0,0,0,0,,,,,,
PBA-34,Instalación para el Desarrollo y Producción de Polvos y Aleaciones de Combustibles Compuestos de Uranio de Alta y Muy Alta Densidad,Ministerio de Economía,Comisión Nacional de Energía Atómica (CNEA),Nuclear y ciencia,216,,CNEA — sin localización declarada,sin_declarar,,,,,,,Tesoro nacional 100%,216,0,0,0,0,0,0,,,,,,
PBA-35,Mantenimiento y Reparación de Obras de Arte En Distrito Bahía Blanca (Año 2027),Ministerio de Economía,Dirección Nacional de Vialidad,Vialidad · mantenimiento por distrito,1330,,DNV · Distrito 19 Bahía Blanca — sin punto único,distrito_vial,,,,,,,Transferencias internas 100%,0,0,0,1330,0,0,0,,,,,,
PBA-36,Mantenimiento y Reparación de Obras de Arte En Distrito Buenos Aires (Año 2027),Ministerio de Economía,Dirección Nacional de Vialidad,Vialidad · mantenimiento por distrito,2090,,DNV · Distrito 1 Buenos Aires — sin punto único,distrito_vial,,,,,,,Transferencias internas 100%,0,0,0,2090,0,0,0,,,,,,
PBA-37,Obras de Mantenimiento En Distrito Bahía Blanca (Año 2027),Ministerio de Economía,Dirección Nacional de Vialidad,Vialidad · mantenimiento por distrito,760,,DNV · Distrito 19 Bahía Blanca — sin punto único,distrito_vial,,,,,,,Transferencias internas 100%,0,0,0,760,0,0,0,,,,,,
PBA-38,Obras de Mantenimiento En Distrito Buenos Aires (Año 2027),Ministerio de Economía,Dirección Nacional de Vialidad,Vialidad · mantenimiento por distrito,1334,,DNV · Distrito 1 Buenos Aires — sin punto único,distrito_vial,,,,,,,Transferencias internas 100%,0,0,0,1334,0,0,0,,,,,,
PBA-39,Obras de Mantenimiento Por Administración En Los 24 Distritos de La Dirección Nacional de Vialidad (Año 2027),Ministerio de Economía,Dirección Nacional de Vialidad,Vialidad · mantenimiento por distrito,7150,,DNV · los 24 distritos del país — sin punto único,distrito_vial,,,,,,,Tesoro nacional 100%,7150,0,0,0,0,0,0,,,,,,
PBA-40,Obras de Seguridad En Distrito Bahía Blanca (Año 2027),Ministerio de Economía,Dirección Nacional de Vialidad,Vialidad · mantenimiento por distrito,570,,DNV · Distrito 19 Bahía Blanca — sin punto único,distrito_vial,,,,,,,Transferencias internas 100%,0,0,0,570,0,0,0,,,,,,
PBA-41,Obras de Seguridad En Distrito Buenos Aires (Año 2027),Ministerio de Economía,Dirección Nacional de Vialidad,Vialidad · mantenimiento por distrito,1830,,DNV · Distrito 1 Buenos Aires — sin punto único,distrito_vial,,,,,,,Transferencias internas 100%,0,0,0,1830,0,0,0,,,,,,
PBA-42,"Pavimentación de Camino del 72, Tramo: Ruta Nacional N° 3 - Ruta Provincial N° 16. Municipalidad de Cañuelas, Provincia de Buenos Aires. (BID 5378)",Ministerio de Economía,Dirección Nacional de Vialidad,Vialidad nacional,181,Cañuelas,Cañuelas (localidad),localidad,-35.05384,-58.76199,,,,,Crédito externo 100%,0,0,0,0,0,0,181,,,,,,
PBA-43,"Ruta Nacional 226, Mejora de Intersección Acceso a Sierras Bayas, Provincia de Buenos Aires",Ministerio de Economía,Dirección Nacional de Vialidad,Vialidad nacional,373,Olavarría,Sierras Bayas (localidad),localidad,-36.93272,-60.16139,,,,,Transferencias internas 100%,0,0,0,373,0,0,0,,,,,,
PBA-44,"Construcción Autopista Pte. Juan Domingo Perón, Provincia: Buenos Aires.",Ministerio de Economía,Dirección Nacional de Vialidad,Vialidad urbana metropolitana,63766,,Traza metropolitana — partidos no declarados en el anexo,sin_declarar,,,,,,,Transferencias internas 100%,0,0,0,63766,0,0,0,,,,,,
PBA-45,"Pavimentación de Camino del 72, Tramo: Camino del Potro (Km 0,000) - Gobernador Udaondo (Km 4,000). Municipalidad de Cañuelas, Provincia de Buenos Aires. (BID 5378)",Ministerio de Economía,Dirección Nacional de Vialidad,Vialidad nacional,40,Cañuelas,"Camino del Potro–Gobernador Udaondo, Cañuelas",tramo,-35.17826,-58.67898,-35.05384,-58.76199,-35.30267,-58.59598,Crédito externo 100%,0,0,0,0,0,0,40,,,,,,
PBA-46,"Travesía Urbana, Ruta Nacional N° 5; Tramo: Travesía Mercedes. Provincia de Buenos Aires",Ministerio de Economía,Dirección Nacional de Vialidad,Vialidad nacional,2503,Mercedes,Mercedes (localidad) — travesía urbana RN5,localidad,-34.65073,-59.43139,,,,,Transferencias internas 100%,0,0,0,2503,0,0,0,130027,74997,18574,10410,43509,3.3
PBA-47,"Sistema Modular de Mantenimiento, Ruta Nac. N° 188, Tramo: San Nicolás - Pergamino, Sección: Km. 2,00 - Km. 71,87, Provincia de Bs. As.",Ministerio de Economía,Dirección Nacional de Vialidad,Vialidad nacional,85,San Nicolás; Pergamino,RN188 San Nicolás–Pergamino,tramo,-33.61476,-60.39804,-33.33840,-60.22150,-33.89111,-60.57459,Transferencias internas 100%,0,0,0,85,0,0,0,,,,,,
PBA-48,"Obra de Conservación Mejorativa, Ruta Nac. N° 188, Tramo: Junín - Gral. Villegas, Sección: Km. 163,900 - 360,950, Provincia de Bs. As.",Ministerio de Economía,Dirección Nacional de Vialidad,Vialidad nacional,94,Junín; General Villegas,RN188 Junín–General Villegas,tramo,-34.81329,-61.98073,-34.59394,-60.94643,-35.03263,-63.01503,Transferencias internas 100%,0,0,0,94,0,0,0,,,,,,
PBA-49,"Sistema Modular de Mantenimiento, Ruta Nac. N° 3, Tramo: Emp. R.P. N° 21 - Cañuelas, Sección: Km. 29,000 - 64,000, Provincia de Bs. As.",Ministerio de Economía,Dirección Nacional de Vialidad,Vialidad nacional,860,Cañuelas,RN3 empalme RP21–Cañuelas (extremo declarado),extremo_declarado,-35.05384,-58.76199,,,,,Transferencias internas 100%,0,0,0,860,0,0,0,,,,,,
PBA-50,"Construcción de Autopista Ruta Nacional N° 33, El Cholo-Tornquist, Provincia de Buenos Aires.",Ministerio de Economía,Dirección Nacional de Vialidad,Vialidad nacional,1606,Tornquist; Bahía Blanca,RN33 El Cholo–Tornquist (El Cholo fuera del nomenclador),extremo_declarado,-38.10128,-62.22295,,,,,Transferencias internas 100%,0,0,0,1606,0,0,0,,,,,,
PBA-51,"Sistema Modular de Mantenimiento, Ruta Nacional N° 205/226, Tramo: Saladillo - Bolívar, Sección: Km. 188,56 - Km. 317,41 y Tramo: Olavarría - Bolívar, Sección: Km. 300,00 - Km. 404,50, Provincia de Buenos Aires",Ministerio de Economía,Dirección Nacional de Vialidad,Vialidad nacional,2573,Saladillo; Bolívar; Olavarría,RN205/226 Saladillo–Bolívar y Olavarría–Bolívar,tramo,-35.95334,-60.40829,-35.67681,-59.70266,-36.22988,-61.11392,Transferencias internas 100%,0,0,0,2573,0,0,0,,,,,,
PBA-52,"Construcción de Autopista Ruta Nacional N° 8, Tramo Pilar - Pergamino, Provincia de Buenos Aires.",Ministerio de Economía,Dirección Nacional de Vialidad,Vialidad nacional,7,Pilar; Pergamino,RN8 Pilar–Pergamino,tramo,-34.17404,-59.74425,-34.45698,-58.91391,-33.89111,-60.57459,Transferencias internas 100%,0,0,0,7,0,0,0,,,,,,
PBA-53,"Const. de Banquinas Pavimentadas y Carriles de Sobrepaso En Ruta Nacional N° 226, Tramo: Intersección Con RP N° 55 (D) (Acceso a Balcarce) - Empalme RP N° 227 (I), Sección: Km. 64,22 a 120,20. Provincia de Buenos Aires",Ministerio de Economía,Dirección Nacional de Vialidad,Vialidad nacional,511,Balcarce,RN226 acceso a Balcarce–empalme RP227,extremo_declarado,-37.84638,-58.25549,,,,,Transferencias internas 100%,0,0,0,511,0,0,0,,,,,,
PBA-54,"Ruta Segura y Repavimentación En Ruta Nacional N° 226 y Ruta Nacional N° 3, Tramo: Mar Del Plata - Olavarría / Azul (Int. RN N° 226) - Coronel Dorrego, Sección: Prog. 254 - Prog. 273 / Prog. 309 - Prog. 327. Provincia de Buenos Aires.",Ministerio de Economía,Dirección Nacional de Vialidad,Vialidad nacional,240,Azul; Coronel Dorrego; General Pueyrredón; Olavarría,RN226/RN3 Mar del Plata–Olavarría y Azul–Coronel Dorrego,tramo,-37.74813,-60.57590,-36.77745,-59.86344,-38.71880,-61.28836,Transferencias internas 100%,0,0,0,240,0,0,0,,,,,,
PBA-55,"Ruta Segura y Repavimentación en Ruta Nacional N° 3, Tramo: Azul (Int. RN N° 226) - Coronel Dorrego, Sección: PK 451,00 - PK 476,66. Provincia de Buenos Aires.",Ministerio de Economía,Dirección Nacional de Vialidad,Vialidad nacional,264,Azul; Coronel Dorrego,RN3 Azul–Coronel Dorrego (PK 451–476),tramo,-37.74813,-60.57590,-36.77745,-59.86344,-38.71880,-61.28836,Transferencias internas 100%,0,0,0,264,0,0,0,,,,,,
PBA-56,"Ruta Segura y Repavimentación en Ruta Nacional N° 3, Tramo: Azul (Int. RN N° 226) - Coronel Dorrego, Sección: PK 550+00 - PK 589+00. Provincia de Buenos Aires.",Ministerio de Economía,Dirección Nacional de Vialidad,Vialidad nacional,414,Azul; Coronel Dorrego,RN3 Azul–Coronel Dorrego (PK 550–589),tramo,-37.74813,-60.57590,-36.77745,-59.86344,-38.71880,-61.28836,Transferencias internas 100%,0,0,0,414,0,0,0,,,,,,
PBA-57,"Construcción de Autopista, Ruta Nacional N° 5, Tramo: Mercedes - Inicio Variante Suipacha. Provincia de Buenos Aires (CAF 11744)",Ministerio de Economía,Dirección Nacional de Vialidad,Vialidad nacional,7196,Mercedes; Suipacha,RN5 Mercedes–Variante Suipacha,tramo,-34.70977,-59.55911,-34.65073,-59.43139,-34.76881,-59.68683,Transferencias internas 30% + Crédito externo 70%,0,0,0,2159,0,0,5037,,,,,,
PBA-58,"Construcción de Autopista, Ruta Nacional N° 3; Tramo: Fin Variante S. M. del Monte - Acc. Gorchs. Provincia de Buenos Aires (CAF 11744)",Ministerio de Economía,Dirección Nacional de Vialidad,Vialidad nacional,12214,Monte; Saladillo,RN3 Variante San Miguel del Monte–acceso Gorchs,tramo,-35.55656,-58.88093,-35.44104,-58.80345,-35.67207,-58.95841,Transferencias internas 30% + Crédito externo 70%,0,0,0,3664,0,0,8550,,,,,,
PBA-59,"Construcción Variante Cañuelas, Ruta Nacional 3/205, Tramo: Au Ezeiza Cañuelas - RN N° 3 - Acceso a Cañuelas (Calle Pellegrini), Provincia de Buenos Aires.",Ministerio de Economía,Dirección Nacional de Vialidad,Vialidad nacional,1086,Cañuelas,Variante Cañuelas RN3/205,localidad,-35.05384,-58.76199,,,,,Transferencias internas 100%,0,0,0,1086,0,0,0,,,,,,
PBA-60,"Obras de Repavimentación, Ruta Nacional N° 33; Tramo: Gral Villegas - Rufino, Interprovincial",Ministerio de Economía,Dirección Nacional de Vialidad,Vialidad nacional,80,General Villegas,RN33 General Villegas–Rufino (extremo declarado en PBA),extremo_declarado,-35.03263,-63.01503,,,,,Transferencias internas 100%,0,0,0,80,0,0,0,,,,,,
PBA-61,"Repavimentación Au. Ezeiza – Cañuelas, Tramo: Km 49.400 – Km 58.856, Sección: Ramal de Ingreso y Egreso y Colectora Descendente. Peaje Tristán Suárez. Provincia de Buenos Aires.",Ministerio de Economía,Dirección Nacional de Vialidad,Vialidad nacional,7,Ezeiza,Tristán Suárez (localidad) — peaje Au. Ezeiza–Cañuelas,localidad,-34.89096,-58.56655,,,,,Transferencias internas 100%,0,0,0,7,0,0,0,,,,,,
PBA-62,"Obras de Repavimentación, Ruta Nacional N° 5, Tramo: Trenque Lauquen - Pellegrini. Provincia de Buenos Aires.",Ministerio de Economía,Dirección Nacional de Vialidad,Vialidad nacional,306,Trenque Lauquen; Pellegrini,RN5 Trenque Lauquen–Pellegrini,tramo,-36.12063,-62.94873,-35.97334,-62.73275,-36.26791,-63.16472,Transferencias internas 100%,0,0,0,306,0,0,0,,,,,,
PBA-63,"Construcción de Puente Ruta Nacional N° 35, Tramo: Km. 64,92 (Arroyo Chasicó). Bahía Blanca. Provincia de Buenos Aires.",Ministerio de Economía,Dirección Nacional de Vialidad,Vialidad nacional,123,Bahía Blanca,Arroyo Chasicó (localidad Chasicó) — puente RN35,localidad,-38.33733,-62.64459,,,,,Transferencias internas 100%,0,0,0,123,0,0,0,152313,4110,980,549,2458,3.0
PBA-64,"Repavimentación de La Ruta Nacional N° 3, Tramo: Cañuelas - San Miguel Del Monte, Sección: Km 88,00 - Km 104,60 / T-01-S-02: Km 104,83 - Km 109,00, Provincia de Buenos Aires.",Ministerio de Economía,Dirección Nacional de Vialidad,Vialidad nacional,7,Cañuelas; Monte,RN3 Cañuelas–San Miguel del Monte,tramo,-35.24744,-58.78272,-35.05384,-58.76199,-35.44104,-58.80345,Transferencias internas 100%,0,0,0,7,0,0,0,,,,,,
PBA-65,"Construcción de Puente s/canal Maldonado sobre Ruta Nacional N° 3, Bahía Blanca, Provincia de Buenos Aires.",Ministerio de Economía,Dirección Nacional de Vialidad,Vialidad nacional,137,Bahía Blanca,Bahía Blanca (localidad) — puente canal Maldonado RN3,localidad,-38.72277,-62.27274,,,,,Transferencias internas 100%,0,0,0,137,0,0,0,152314,4110,976,547,2450,3.3
PBA-66,Remodelación Repositorio Geológico,Ministerio de Economía,Servicio Geológico Minero Argentino,Geología y minería,6,,SEGEMAR — sin localización declarada,sin_declarar,,,,,,,Tesoro nacional 100%,6,0,0,0,0,0,0,,,,,,
PBA-67,"Fortalecimiento de las Capacidades Analíticas para la Caracterización de Materias Primas Minerales, Materiales Derivados y Residuos Sólidos de la Industria Minera",Ministerio de Economía,Servicio Geológico Minero Argentino,Geología y minería,55,,SEGEMAR — sin localización declarada,sin_declarar,,,,,,,Tesoro nacional 100%,55,0,0,0,0,0,0,,,,,,
PBA-68,"Puesta en Valor Centro de Inspección, Perfeccionamiento e Instrucción, Ezeiza Buenos Aires",Ministerio de Economía,Administración Nacional de Aviación Civil,Aviación civil,65,Ezeiza,Ezeiza (localidad) — ANAC,localidad,-34.85439,-58.52476,,,,,Recursos propios 100%,0,65,0,0,0,0,0,,,,,,
PBA-69,"Construcción Depósito General de Insumos y Taller de Mantenimiento, Pergamino - Bs. As.",Ministerio de Salud,ANLIS Dr. Carlos Malbrán,Salud,208,Pergamino,Pergamino (localidad),localidad,-33.89111,-60.57459,,,,,Tesoro nacional 100%,208,0,0,0,0,0,0,,,,,,
PBA-70,"Remodelación Sector Galería-Aula Multifunción, Mar del Plata - Bs. As.",Ministerio de Salud,ANLIS Dr. Carlos Malbrán,Salud,83,General Pueyrredón,Mar del Plata (localidad),localidad,-38.00645,-57.54384,,,,,Tesoro nacional 100%,83,0,0,0,0,0,0,,,,,,
PBA-71,Refuncionalización del Pabellón para el Servicio de Rehabilitación,Ministerio de Salud,Administración Nacional de Establecimientos de Salud,Salud,1285,,ANES — establecimiento no declarado,sin_declarar,,,,,,,Tesoro nacional 100%,1285,0,0,0,0,0,0,151828,1385,100,0,0,92.8
PBA-72,"Provisión e Instalación de un Sistema de Protección Contra Incendio para el Depósito Ezeiza, sito en Perito Moreno 375 - Parque Industrial Canning, Ezeiza",Ministerio de Capital Humano,Administración Nacional de la Seguridad Social,Logística ANSES,151,Ezeiza,Canning (localidad) — Parque Industrial,localidad,-34.85702,-58.49791,,,,,Recursos propios 100%,0,151,0,0,0,0,0,,,,,,
PBA-73,Mejora Integral del Ferrocarril General Roca - Ramal Constitución - La Plata (BID N°2982/OC-AR - BID N°5320/OC-AR) — fila INTERPROVINCIAL,Ministerio de Economía,Infraestructura,Ferrocarril,125942,Avellaneda; Quilmes; Berazategui; Florencio Varela; La Plata (traza no detallada en el anexo),"Ramal Constitución–La Plata · fila clasificada como interprovincial, no imputada a PBA",tramo,-34.76929,-58.16430,-34.62308,-58.38062,-34.91550,-57.94799,Tesoro nacional 80% + Crédito externo 20%,101246,0,0,0,0,0,24696,,,,,,
