id,municipio,n2025_1s,n2026_1s,var_nom_1s,var_real_1s,rank_1s,monto_necesario_1s,brecha_1s,per100_1s,diff_vs_avg_1s,n2025_jun,n2026_jun,var_nom_jun,var_real_jun,rank_jun,monto_necesario_jun,brecha_jun,per100_jun,diff_vs_avg_jun
1,Adolfo Alsina,8942666418,12057412058,0.348302,0.014767,10,11883629077,-173782981,101.476663,0.03973,1499427589,2035856572,0.357756,0.017046,7,2001735832,-34120740,101.704558,0.058665
2,Adolfo Gonzales Chaves,5212351596,6760213677,0.29696,-0.023798,70,6926952016,166738339,97.620245,0.001166,884693060,1114998322,0.260322,-0.055938,93,1181065236,66066914,94.406159,-0.014319
3,Alberti,5219454689,6645629464,0.273242,-0.041676,109,6935922269,290292805,95.832416,-0.016712,848865987,1103839714,0.30037,-0.02594,37,1133236093,29396379,97.405979,0.015679
4,Almirante Brown,46502572093,60297990291,0.296659,-0.024165,72,61795576545,1497586254,97.583497,0.000799,8242587547,10346173618,0.255209,-0.059768,101,11003854375,657680756,94.023178,-0.018149
5,Arrecifes,5788057668,7476627572,0.291733,-0.027748,78,7691784715,215157143,97.225248,-0.002784,980984149,1239167010,0.263188,-0.053792,88,1309613839,70446829,94.620794,-0.012172
6,Avellaneda,27644643905,36136159283,0.307167,-0.016267,55,36736764029,600604746,98.373261,0.008696,5000008836,6223107086,0.244619,-0.067701,117,6675011796,451904710,93.229904,-0.026081
7,Ayacucho,9201491964,11724630458,0.27421,-0.040948,107,12228182335,503551877,95.905196,-0.015984,1562879195,1946927333,0.245731,-0.066868,115,2086443725,139516392,93.313196,-0.025248
8,Azul,15626460024,19727320441,0.262431,-0.049812,116,20765938127,1038617686,95.018765,-0.024849,2644300041,3268505641,0.236057,-0.074115,124,3530140554,261634914,92.588541,-0.032495
9,Bahía Blanca,29435478400,37788396072,0.28377,-0.033868,93,39115190171,1326794099,96.613231,-0.008904,5143727803,6489949669,0.261721,-0.054891,90,6866876616,376926948,94.51094,-0.013271
10,Balcarce,11074436011,14492764131,0.308668,-0.014978,53,14717164715,224400584,98.502167,0.009985,1860333326,2379071070,0.278841,-0.042066,64,2483544990,104473920,95.793355,-0.000447
11,Baradero,6356896968,8327401225,0.309979,-0.014061,49,8447765100,120363875,98.59395,0.010903,1109138345,1398279625,0.26069,-0.055663,92,1480699691,82420066,94.433708,-0.014043
12,Benito Juárez,9546424767,12516102574,0.311077,-0.013207,45,12686166621,170064046,98.679303,0.011757,1586339900,2083933457,0.313674,-0.015975,24,2117763766,33830309,98.402546,0.025645
13,Berazategui,36400658588,47355701434,0.300957,-0.020936,65,48370673926,1014972492,97.906427,0.004028,6371102749,8136537081,0.2771,-0.043371,65,8505422170,368885089,95.662942,-0.001751
14,Berisso,14906058569,19282386366,0.293594,-0.02648,76,19807376302,524989936,97.351978,-0.001516,2564033226,3322755481,0.29591,-0.029281,45,3422984356,100228875,97.071886,0.012339
15,Bolívar,12079452313,15974500097,0.322452,-0.004696,29,16051825281,77325184,99.530389,0.020268,2038532405,2696232482,0.322634,-0.009263,21,2721440760,25208278,99.073716,0.032357
16,Bragado,11225663915,14384604782,0.281403,-0.035596,96,14916977608,532372826,96.44038,-0.010632,1882912573,2432277733,0.291763,-0.032387,51,2513688285,81410553,96.761311,0.009233
17,Brandsen,4178265228,5510077764,0.318748,-0.007474,34,5552616283,42538519,99.252593,0.01749,742139605,933322532,0.25761,-0.05797,99,990756373,57433841,94.203031,-0.01635
18,Campana,14921936040,21127719017,0.415883,0.065553,2,19828792034,-1298926983,106.555291,0.090517,2572491178,3642189556,0.415822,0.060541,3,3434275723,-207913833,106.054081,0.10216
19,Cañuelas,6930321229,9201055702,0.327652,-0.00081,24,9209975937,8920235,99.918991,0.024154,1249947553,1572025100,0.257673,-0.057923,98,1668679983,96654883,94.207704,-0.016303
20,Capitán Sarmiento,2932560472,4145277715,0.413535,0.063881,3,3897111868,-248165847,106.388142,0.088845,501501455,696549127,0.388927,0.040395,4,669504442,-27044685,104.039508,0.082015
21,Carlos Casares,10399039055,13486230338,0.296873,-0.023954,71,13818665308,332434970,97.604628,0.00101,1724319317,2284065305,0.324619,-0.007776,19,2301966288,17900982,99.222361,0.033843
22,Carlos Tejedor,6247522794,8066783963,0.291197,-0.028159,79,8302437771,235653808,97.184143,-0.003195,1057418613,1336656457,0.264075,-0.053127,87,1411653849,74997392,94.687268,-0.011508
23,Carmen de Areco,2540845601,3441046862,0.354292,0.019403,8,3376988373,-64058489,101.940289,0.044367,456282174,557894181,0.222696,-0.084123,131,609136703,51242522,91.587681,-0.042504
24,Castelli,3699739798,4739146067,0.28094,-0.035951,97,4916466547,177320480,96.404887,-0.010987,627397713,808678249,0.28894,-0.034502,54,837575947,28897698,96.549841,0.007118
25,Chacabuco,16371348529,24121271138,0.473383,0.108898,1,21754690242,-2366580896,110.889777,0.133861,2705216982,4077300881,0.507199,0.128988,1,3611464671,-465836210,112.898817,0.170608
26,Chascomús,10638604109,13367392730,0.256499,-0.054323,123,14137253122,769860392,94.567704,-0.029359,1799464851,2251262607,0.251073,-0.062866,107,2402285576,151022969,93.713363,-0.021247
27,Chivilcoy,14370470402,18312358939,0.274305,-0.040939,106,19096043319,783684380,95.906069,-0.015976,2432136685,3094259301,0.272239,-0.047012,73,3246902475,152643174,95.298806,-0.005392
28,Colón,7023497256,9196996053,0.309461,-0.014433,52,9333117360,136121307,98.556741,0.010531,1163909471,1541742355,0.324624,-0.007772,18,1553819143,12076789,99.222767,0.033847
29,Coronel Dorrego,7908239016,10230990549,0.293713,-0.026302,75,10508734452,277743904,97.369776,-0.001339,1301845670,1713120714,0.315917,-0.014294,23,1737963969,24843256,98.570554,0.027325
30,Coronel Pringles,8584963197,10970302201,0.277851,-0.038245,102,11408430284,438128083,96.175484,-0.013281,1453237354,1839051429,0.265486,-0.05207,84,1940071867,101020438,94.792954,-0.010451
31,Coronel Rosales,7571810303,9762984216,0.289386,-0.029649,87,10062120650,299136433,97.035148,-0.004685,1362045727,1689131801,0.240143,-0.071054,121,1818331045,129199244,92.894625,-0.029434
32,Coronel Suárez,13692015529,17655577825,0.28948,-0.029509,86,18194649891,539072066,97.049063,-0.004546,2298022410,2981209656,0.297294,-0.028245,42,3067859917,86650261,97.175547,0.013375
33,Daireaux,8936750169,11532996310,0.290513,-0.028694,80,11875714888,342718578,97.130574,-0.003731,1483919134,1923854376,0.296468,-0.028863,44,1981032044,57177668,97.113743,0.012757
34,Dolores,9123162933,12393556963,0.358472,0.022363,7,12122932525,-270624437,102.236268,0.047326,1530451183,2124602127,0.388219,0.039865,5,2043152330,-81449797,103.986477,0.081484
35,Ensenada,6298064298,8215126880,0.304389,-0.018357,58,8369363243,154236362,98.164275,0.006606,1127381066,1418516737,0.258241,-0.057498,95,1505053723,86536986,94.250239,-0.015878
36,Escobar,35090996558,47372307830,0.349985,0.015957,9,46629488507,-742819324,101.595733,0.040921,6011458773,8177984456,0.360399,0.019026,6,8025297463,-152686993,101.902571,0.060645
37,Esteban Echeverría,33746112629,44299848615,0.312739,-0.012073,43,44843412232,543563617,98.792734,0.012891,5910683649,7645150224,0.293446,-0.031127,49,7890762672,245612447,96.887342,0.010493
38,Exaltación de la Cruz,8256807100,11636880070,0.409368,0.060675,4,10971772138,-665107932,106.067518,0.085639,1381179416,1988936473,0.440028,0.078672,2,1843874521,-145061952,107.867236,0.120292
39,Ezeiza,15340844993,19304516743,0.258374,-0.052974,119,20386584738,1082067996,94.702635,-0.02801,2787803316,3307957482,0.186582,-0.111174,135,3721717427,413759946,88.882553,-0.069555
40,Florencio Varela,45398135443,59062471733,0.300989,-0.02091,64,60328240475,1265768742,97.909043,0.004054,8083919344,10135369122,0.253769,-0.060847,103,10792032325,656663203,93.915296,-0.019227
41,Florentino Ameghino,3950468959,4905190363,0.241673,-0.065454,132,5249742943,344552579,93.454621,-0.04049,658042071,816644507,0.241022,-0.070396,119,878486164,61841657,92.960429,-0.028776
42,General Alvarado,7705478023,10344873326,0.342535,0.010426,14,10239647478,-105225848,101.042638,0.03539,1305195632,1744637672,0.336687,0.001263,10,1742436169,-2201503,100.126346,0.042883
43,General Alvear,4965280952,6354894217,0.279866,-0.036716,100,6598406842,243512625,96.328405,-0.011752,854354572,1065412789,0.247038,-0.065889,114,1140563354,75150565,93.411101,-0.024269
44,General Arenales,4803604190,6187087968,0.28801,-0.030531,88,6383498613,196410644,96.946924,-0.005567,796036612,1016028762,0.276359,-0.043926,66,1062708876,46680114,95.607441,-0.002306
45,General Belgrano,5613311651,7205533431,0.283651,-0.033891,94,7459338103,253804673,96.610917,-0.008927,940623553,1217301836,0.294143,-0.030604,48,1255732444,38430607,96.939586,0.011016
46,General Guido,2089563001,2747201534,0.314725,-0.010403,38,2777115882,29914347,98.959674,0.01456,359563902,448487217,0.247309,-0.065686,112,480017809,31530592,93.43137,-0.024067
47,General La Madrid,7331207987,9484635097,0.293734,-0.026287,74,9742213421,257578324,97.371276,-0.001324,1231535678,1588404739,0.289776,-0.033876,53,1644100131,55695392,96.612409,0.007744
48,General Las Heras,3494699109,4558245514,0.304331,-0.018346,57,4644057481,85811967,98.165378,0.006618,605303686,772536198,0.276279,-0.043986,67,808080421,35544222,95.6014,-0.002366
49,General Lavalle,2656224586,3516757763,0.323969,-0.003556,26,3529927538,13169774,99.644395,0.021408,464175556,595109922,0.282079,-0.039641,61,619674367,24564445,96.035911,0.001979
50,General Madariaga,6569355027,8205202181,0.249012,-0.059967,129,8729953282,524751101,94.003276,-0.035004,1137593076,1383943257,0.216554,-0.088724,133,1518686756,134743499,91.127631,-0.047104
51,General Paz,5806877426,7681024388,0.322746,-0.0045,28,7716334891,35310503,99.549957,0.020463,977266827,1306720784,0.337118,0.001586,9,1304651214,-2069570,100.15863,0.043206
52,General Pinto,6090458143,7854288575,0.289606,-0.029371,85,8093456681,239168106,97.06294,-0.004407,1016319748,1306277776,0.285302,-0.037227,57,1356786863,50509087,96.277301,0.004393
53,General Pueyrredón,51026202046,65167175768,0.277132,-0.038863,103,67807838073,2640662305,96.113693,-0.013899,9006944160,11233247570,0.247176,-0.065786,113,12024270454,791022883,93.421448,-0.024166
54,General Rodríguez,11397089916,15667866545,0.374725,0.034582,5,15145702677,-522163868,103.458178,0.059546,2062518466,2700286954,0.309218,-0.019312,30,2753462152,53175197,98.068788,0.022308
55,General San Martín,48408795395,60201289356,0.243602,-0.064102,130,64325536090,4124246734,93.58978,-0.039138,8270353518,10345918983,0.250965,-0.062948,108,11040921947,695002964,93.705209,-0.021328
56,General Viamonte,8213797137,10300298020,0.254024,-0.056184,125,10914879752,614581732,94.381596,-0.03122,1360019060,1731419311,0.273085,-0.046379,72,1815625444,84206134,95.362142,-0.004759
57,General Villegas,13513657012,18203257866,0.347027,0.013913,12,17958614857,-244643009,101.391347,0.038877,2234408765,2977336697,0.332494,-0.001877,13,2982935702,5599005,99.812299,0.039743
58,Guaminí,6846633249,9060127681,0.323297,-0.004055,27,9098345788,38218107,99.594504,0.020909,1163092641,1535485157,0.320174,-0.011105,22,1552728676,17243519,98.88947,0.030514
59,Hipólito Yrigoyen,3827631249,4813108784,0.257464,-0.053561,121,5086409853,273301069,94.643873,-0.028598,632945284,802480120,0.267851,-0.050299,81,844981955,42501835,94.97009,-0.008679
60,Hurlingham,17968505036,23000927103,0.280069,-0.036658,99,23876976834,876049731,96.334244,-0.011694,3116414464,3951814103,0.268064,-0.050139,80,4160413309,208599206,94.986094,-0.008519
61,Ituzaingó,11967230640,15441043793,0.290277,-0.028977,82,15902658151,461614358,97.102293,-0.004013,2103787061,2665084562,0.266803,-0.051084,83,2808555726,143471164,94.891639,-0.009464
62,José C. Paz,39572169340,51183387124,0.293419,-0.026613,77,52584165942,1400778818,97.338713,-0.001649,6817528517,8824415848,0.294372,-0.030433,47,9101400570,276984722,96.95668,0.011186
63,Junín,9440517036,12328529048,0.305917,-0.017116,56,12546010234,217481186,98.288432,0.007848,1680748402,2071510762,0.232493,-0.076784,128,2243799117,172288355,92.321578,-0.035165
64,La Costa,28940618549,36990749604,0.27816,-0.038093,101,38454511681,1463762077,96.190746,-0.013129,4809776518,6303428176,0.310545,-0.018318,28,6421051651,117623475,98.168159,0.023301
65,La Matanza,147933506259,189399839595,0.280304,-0.03648,98,196582417174,7182577579,96.352018,-0.011516,26210279960,32527302300,0.241013,-0.070402,120,34990723747,2463421447,92.959787,-0.028782
66,La Plata,68842300969,90169589004,0.309799,-0.014283,50,91480739528,1311150524,98.571718,0.010681,12060493020,15497560213,0.284986,-0.037464,58,16100758182,603197969,96.253605,0.004156
67,Lanús,37083129204,48168520728,0.298934,-0.022454,67,49277572013,1109051285,97.754624,0.00251,6483409257,8264444741,0.274707,-0.045164,69,8655351359,390906617,95.483642,-0.003544
68,Laprida,5608720365,7559013851,0.347725,0.014341,11,7453327498,-105686354,101.434132,0.039305,950190649,1269720763,0.33628,0.000959,11,1268504517,-1216246,100.09588,0.042578
69,Las Flores,6014199279,7889513930,0.311815,-0.012648,44,7992503423,102989493,98.735173,0.012315,1034428294,1310865020,0.267236,-0.050759,82,1380961772,70096752,94.924063,-0.00914
70,Leandro N. Alem,6345867681,7938095882,0.250908,-0.05849,128,8432752750,494656868,94.15098,-0.033526,1061705791,1318762547,0.242117,-0.069575,118,1417377231,98614684,93.042453,-0.027956
71,Lezama,2458515977,3138946883,0.276765,-0.039052,104,3267061720,128114837,96.094821,-0.014088,414971698,524832981,0.264744,-0.052626,85,553987217,29154237,94.737381,-0.011007
72,Lincoln,12897282133,16610907360,0.287939,-0.030622,89,17139151592,528244232,96.937823,-0.005658,2168284489,2763241695,0.274391,-0.0454,70,2894659793,131418098,95.459981,-0.003781
73,Lobería,7186839026,9629561050,0.339888,0.008614,16,9551208302,-78352749,100.861411,0.033578,1190620914,1531569659,0.286362,-0.036433,56,1589478920,57909261,96.356714,0.005187
74,Lobos,4455884220,5927106306,0.330175,0.001131,22,5921891278,-5215028,100.113069,0.026094,812985392,998828558,0.228593,-0.079705,129,1085335498,86506941,92.029475,-0.038086
75,Lomas de Zamora,66075208512,86769979366,0.3132,-0.011721,41,87803127914,1033148548,98.827928,0.013243,11520667490,14896436858,0.293019,-0.031447,50,15380091100,483654242,96.855323,0.010173
76,Luján,16159150958,20350078538,0.259353,-0.052228,117,21472633198,1122554661,94.777176,-0.027265,2767403021,3472352334,0.254733,-0.060125,102,3694483033,222130699,93.987503,-0.018505
77,Magdalena,6672201443,8760726955,0.313019,-0.011813,42,8866454828,105727873,98.818703,0.013151,1137665080,1485906674,0.306102,-0.021646,33,1518782882,32876208,97.835358,0.019973
78,Maipú,5211138970,6478607209,0.243223,-0.064317,131,6924855332,446248123,93.568341,-0.039353,875422442,1090291473,0.245446,-0.067082,116,1168688960,78397488,93.291843,-0.025462
79,Malvinas Argentinas,64501709978,81075366334,0.256949,-0.054055,122,85707438491,4632072156,94.59445,-0.029092,10768133423,13900158460,0.290861,-0.033063,52,14375458120,475299660,96.693673,0.008556
80,Mar Chiquita,9995085991,13068303795,0.307473,-0.015994,54,13281709254,213405459,98.400629,0.00897,1678005412,2222213965,0.324319,-0.008001,20,2240137225,17923260,99.199903,0.033619
81,Marcos Paz,9780265573,13332750381,0.36323,0.025934,6,12996554026,-336196354,102.59335,0.050897,1706239010,2294544417,0.344797,0.007338,8,2277829078,-16715338,100.733828,0.048958
82,Mercedes,13385900293,17265284850,0.289811,-0.029304,84,17787536081,522251231,97.069635,-0.00434,2271301504,2959062332,0.302805,-0.024116,34,3032187508,73125175,97.588369,0.017503
83,Merlo,64510344606,83056126654,0.287485,-0.031073,91,85723375615,2667248961,96.892678,-0.006109,11234285387,14255136765,0.268896,-0.049516,78,14997770992,742634227,95.048369,-0.007897
84,Monte Hermoso,3639241931,4581764674,0.258989,-0.052531,118,4835682838,253918164,94.746905,-0.027567,604688285,791568936,0.309053,-0.019436,31,807258860,15689924,98.056395,0.022184
85,Moreno,48938520269,64478458433,0.31754,-0.008458,36,65033210728,554752294,99.154201,0.016506,8737973555,11085463943,0.268654,-0.049697,79,11665194697,579730754,95.030252,-0.008078
86,Morón,25199094376,31827094118,0.263025,-0.049485,115,33485855583,1658761465,95.051549,-0.024521,4434093074,5478645244,0.235573,-0.074477,125,5919514254,440869009,92.552277,-0.032858
87,Navarro,4775585867,6085167440,0.274224,-0.040979,108,6346279534,261112094,95.902103,-0.016015,818692558,1023846961,0.250588,-0.06323,110,1092954566,69107604,93.676992,-0.02161
88,Necochea,15007528801,19828091333,0.32121,-0.005631,30,19943119153,115027819,99.436889,0.019333,2607348200,3320539334,0.273531,-0.046044,71,3480809847,160270513,95.395597,-0.004424
89,Nueve de Julio,8243103087,10800838287,0.310288,-0.013789,47,10955030607,154192320,98.621111,0.011175,1437572175,1782533994,0.239961,-0.07119,122,1919158853,136624859,92.881003,-0.02957
90,Olavarría,21485527006,27908781635,0.298957,-0.022378,66,28551669521,642887886,97.762177,0.002585,3697310251,4701195287,0.271518,-0.047552,75,4935909185,234713899,95.244769,-0.005933
91,Patagones,14793132473,19438526290,0.314024,-0.011069,40,19658363194,219836904,98.893097,0.013895,2547638698,3311336864,0.299767,-0.026392,38,3401097662,89760798,97.360829,0.015228
92,Pehuajó,15449772809,19543891086,0.264995,-0.047925,113,20530298822,986407736,95.20754,-0.022961,2576177609,3285154342,0.275205,-0.04479,68,3439197108,154042766,95.520967,-0.003171
93,Pellegrini,3209147892,4268675866,0.330159,0.001169,21,4264629939,-4045926,100.116855,0.026132,537645897,706211073,0.313525,-0.016086,25,717757272,11546199,98.39135,0.025533
94,Pergamino,10565764634,14055124097,0.330251,0.001298,20,14041821949,-13302149,100.129784,0.026262,1860660752,2285940469,0.228564,-0.079727,130,2483982104,198041635,92.027252,-0.038108
95,Pila,3425856596,4309795434,0.25802,-0.053128,120,4552842697,243047263,94.687198,-0.028164,590478517,713396577,0.208167,-0.095006,134,788288820,74892243,90.49939,-0.053386
96,Pilar,49795881196,64593634009,0.297168,-0.023791,69,66169169529,1575535519,97.620915,0.001173,8531903182,11100761403,0.301089,-0.025402,35,11390090749,289329345,97.459815,0.016218
97,Pinamar,8155779601,9947000867,0.219626,-0.082148,134,10837113957,890113090,91.785217,-0.057184,1367153272,1719476772,0.257706,-0.057898,97,1825149618,105672845,94.210182,-0.016278
98,Presidente Perón,9958418369,13126498019,0.318131,-0.008014,35,13233537615,107039595,99.198635,0.01695,1782066815,2264388158,0.270653,-0.0482,76,2379059198,114671040,95.179984,-0.00658
99,Puan,11475286916,14749464508,0.285324,-0.032665,92,15248621871,499157363,96.733454,-0.007702,1910572030,2508749238,0.313088,-0.016413,26,2550613660,41864422,98.358653,0.025206
100,Punta Indio,4330915065,5696819279,0.315385,-0.010039,37,5755077581,58258302,98.996132,0.014925,730492644,969102955,0.326643,-0.00626,17,975207680,6104725,99.374008,0.03536
101,Quilmes,46639526753,60697736632,0.301423,-0.020584,62,61977640348,1279903715,97.941588,0.00438,8298287230,10437122703,0.257744,-0.05787,96,11078213452,641090749,94.213049,-0.01625
102,Ramallo,5221656310,6764663741,0.295502,-0.024916,73,6939407000,174743259,97.508388,4.8e-05,914752359,1115830446,0.219817,-0.086279,132,1221194400,105363954,91.372057,-0.04466
103,Rauch,5719463315,7516994256,0.314283,-0.010818,39,7600618335,83624079,98.918245,0.014146,972988389,1260458761,0.295451,-0.029625,46,1298939499,38480737,97.037527,0.011995
104,Rivadavia,8101605239,10512298019,0.297557,-0.023368,68,10766279527,253981508,97.663158,0.001595,1340468915,1738214478,0.296721,-0.028673,43,1789526001,51311523,97.132675,0.012946
105,Rojas,6706789474,8996798248,0.341446,0.009757,15,8912915267,-83882981,100.975692,0.034721,1117251153,1451782324,0.299423,-0.026649,39,1491530289,39747965,97.335088,0.014971
106,Roque Pérez,4055325041,5431246049,0.339287,0.008014,17,5389213190,-42032858,100.801378,0.032978,697802620,906087851,0.298487,-0.02735,40,931566497,25478646,97.264968,0.014269
107,Saavedra,9249336860,11685912828,0.263433,-0.049142,114,12290553604,604640776,95.085802,-0.024178,1544626288,1988656522,0.287468,-0.035605,55,2062076095,73419573,96.439531,0.006015
108,Saladillo,6551403749,8528092882,0.30172,-0.020288,61,8706422378,178329496,97.9712,0.004676,1146589982,1437240599,0.253491,-0.061055,104,1530697626,93457027,93.894481,-0.019435
109,Salliqueló,3202106545,4195341098,0.310182,-0.013969,48,4255021525,59680427,98.603068,0.010994,541678222,719067914,0.327482,-0.005632,16,723140426,4072512,99.43683,0.035988
110,Salto,6145325332,8046153506,0.309313,-0.01441,51,8166734659,120581153,98.558987,0.010554,1027475079,1284966561,0.250606,-0.063216,109,1371679231,86712670,93.678357,-0.021597
111,San Andrés de Giles,7392227047,9401152634,0.271762,-0.04284,110,9823174207,422021572,95.715996,-0.017876,1243398481,1581807177,0.272164,-0.047068,74,1659936972,78129795,95.293207,-0.005448
112,San Antonio de Areco,4917233384,6249683528,0.270976,-0.043407,111,6534563562,284880034,95.659277,-0.018444,848060098,1050942134,0.239231,-0.071737,123,1132160230,81218097,92.826272,-0.030118
113,San Cayetano,5723166959,7301851236,0.275841,-0.039724,105,7605298013,303446777,96.027551,-0.014761,945561929,1213818140,0.2837,-0.038427,60,1262325176,48507036,96.157326,0.003193
114,San Fernando,18979893837,25274177698,0.331629,0.002081,19,25220540358,-53637340,100.208089,0.027045,3252908150,4264529977,0.31099,-0.017985,27,4342632380,78102402,98.201496,0.023635
115,San Isidro,38437289296,46718899862,0.215458,-0.085288,135,51074083599,4355183738,91.471199,-0.060324,6357377978,8037058421,0.26421,-0.053026,86,8487099601,450041180,94.69735,-0.011407
116,San Miguel,37492103694,49687134556,0.325269,-0.002646,25,49819760045,132625489,99.735412,0.022318,6431106954,8544341465,0.328596,-0.004797,15,8585527783,41186318,99.520282,0.036823
117,San Miguel del Monte,3281387016,4377868901,0.334152,0.004217,18,4361009068,-16859833,100.421701,0.029181,579825715,716110565,0.235045,-0.074873,126,774067329,57956764,92.512697,-0.033253
118,San Nicolás,13226697444,17457191782,0.319845,-0.006703,32,17576746766,119554984,99.329728,0.018261,2337839470,2992423657,0.279995,-0.041202,62,3121015693,128592036,95.879802,0.000418
119,San Pedro,13121088110,16661109558,0.269796,-0.044339,112,17435913688,774804130,95.566136,-0.019375,2243446317,2825392840,0.259398,-0.05663,94,2995000834,169607994,94.336963,-0.015011
120,San Vicente,8484707185,11202395871,0.320304,-0.006361,31,11275519446,73123575,99.36386,0.018602,1539384670,1924300524,0.250045,-0.063637,111,2055078534,130778010,93.63635,-0.022017
121,Suipacha,3296865819,4432338124,0.34441,0.011826,13,4381165572,-51172552,101.182638,0.03679,561259822,749769733,0.335869,0.000651,12,749281863,-487870,100.065112,0.042271
122,Tandil,22253085036,27849830918,0.251504,-0.058078,127,29571181208,1721350290,94.192151,-0.033115,3741925218,4685534640,0.252172,-0.062043,105,4995470166,309935526,93.795669,-0.020424
123,Tapalqué,5746569071,7639687244,0.329435,0.000598,23,7636690732,-2996512,100.059831,0.025562,975001015,1273898496,0.306561,-0.021302,32,1301626355,27727859,97.869753,0.020317
124,Tigre,39203107010,51049211316,0.302173,-0.02004,60,52094420380,1045209064,97.995999,0.004924,6768451288,8781108709,0.297359,-0.028196,41,9035882470,254773761,97.180422,0.013424
125,Tordillo,1365246441,1709647311,0.252263,-0.057533,126,1814201341,104554030,94.246706,-0.032569,235108607,290045968,0.233668,-0.075904,127,313869990,23824022,92.409589,-0.034284
126,Tornquist,8718845607,11501640063,0.31917,-0.007191,33,11585757029,84116966,99.280863,0.017772,1463474869,1945135547,0.329121,-0.004404,14,1953738950,8603402,99.559644,0.037216
127,Trenque Lauquen,15737879076,20175597736,0.281977,-0.035135,95,20913182632,737584896,96.486533,-0.010171,2635623005,3383766844,0.283858,-0.038308,59,3518556712,134789868,96.169172,0.003311
128,Tres Arroyos,13757541407,17900551416,0.301145,-0.020671,63,18282431911,381880495,97.9329,0.004293,2326982066,2955407885,0.27006,-0.048644,77,3106521059,151113174,95.135614,-0.007024
129,Tres de Febrero,22938059230,29587541148,0.289889,-0.029267,83,30481439535,893898386,97.073299,-0.004303,4055606963,5093767207,0.255981,-0.05919,100,5414235295,320468088,94.081009,-0.01757
130,Tres Lomas,3194187161,4162721710,0.303218,-0.019181,59,4244629423,81907714,98.081919,0.005783,539253298,701343549,0.300583,-0.025781,36,719903153,18559604,97.42193,0.015839
131,Veinticinco de Mayo,10038297253,12951708339,0.29023,-0.0289,81,13340122395,388414057,97.11,-0.003936,1711532215,2160640520,0.262401,-0.054381,89,2284895507,124254987,94.561896,-0.012761
132,Vicente López,31779736824,39261266724,0.235418,-0.070265,133,42227780795,2966514071,92.973524,-0.045301,5294324537,6770810201,0.278881,-0.042037,63,7067923257,297113057,95.796317,-0.000417
133,Villa Gesell,9249935000,11606695400,0.254787,-0.055688,124,12290830108,684134708,94.431152,-0.030725,1527237015,2000221710,0.3097,-0.018952,29,2038861415,38639704,98.104839,0.022668
134,Villarino,11290364425,14537294522,0.287584,-0.030971,90,15003689813,466395291,96.902918,-0.006007,1968013254,2482705024,0.261529,-0.055035,91,2627297694,144592671,94.496525,-0.013415
135,Zárate,12653987207,16591483825,0.311166,-0.013222,46,16815830638,224346813,98.677754,0.011741,2253330323,2819885955,0.25143,-0.062599,106,3008195981,188310026,93.740101,-0.020979
